Name,Target,Start,End,Length,L_gap,R_gap,Tm,Wcards,Expands,N_targets,Antisense_oligo,Target_seq
xla_001,28S,21,60,40,20,22,70.1,0,1,1,TTCCTCCGCTTAGTAATATGCTTAAATTCAGCGGGTCGCC,GGCGACCCGCTGAATTTAAGCATATTACTAAGCGGAGGAA
xla_002,28S,83,122,40,22,4,79.8,0,1,1,ATTCGGCGCTGGGCTCTTCCCTCTTCACTCGCCGTTACTG,CAGTAACGGCGAGTGAAGAGGGAAGAGCCCAGCGCCGAAT
xla_003,28S,127,165,39,4,30,82.5,0,1,1,CGGTCTCCCGTACGCCACACGTCCCGCGCCCGGCGGGCG,CGCCCGCCGGGCGCGGGACGTGTGGCGTACGGGAGACCG
xla_004,28S,196,235,40,30,30,77.9,0,1,1,GGCCTAACACCGTCCGCGGGCTGGGCCTCGATCAGAAGGA,TCCTTCTGATCGAGGCCCAGCCCGCGGACGGTGTTAGGCC
xla_005,28S,266,305,40,30,30,71,0,1,1,CTTTGGGCTGCATTCCCAAACAACCCGACTCCGAGGAGAC,GTCTCCTCGGAGTCGGGTTGTTTGGGAATGCAGCCCAAAG
xla_006,28S,336,375,40,30,30,76.6,0,1,1,CTTTCCTTACGGTACTTGTCCGCTATCGGTCTCGTGCCGG,CCGGCACGAGACCGATAGCGGACAAGTACCGTAAGGAAAG
xla_007,28S,406,445,40,30,3,77.1,0,1,1,CACGGCCCCACCCGTTTACCTCTTAACGGTTTCACGCCCT,AGGGCGTGAAACCGTTAAGAGGTAAACGGGTGGGGCCGTG
xla_008,28S,449,487,39,3,25,79.9,0,1,1,CGGCGGCGCTGACCCGCCGGGTTGAATCCTCCGGGCGGA,TCCGCCCGGAGGATTCAACCCGGCGGGTCAGCGCCGCCG
xla_009,28S,513,551,39,25,30,84.5,0,1,1,CGCGCGACCGCCCTCCCGGCGAGGGGAGGGGGCCGGCGG,CCGCCGGCCCCCTCCCCTCGCCGGGAGGGCGGTCGCGCG
xla_010,28S,582,621,40,30,16,78.7,0,1,1,GCGGCCCGGAGCCGGCGCGCGCACCGCCGCGGAGGAAACG,CGTTTCCTCCGCGGCGGTGCGCGCGCCGGCTCCGGGCCGC
xla_011,28S,638,676,39,16,22,83.1,0,1,1,TAGCCGCGCGCGGGGGCGGCCGGCCACCTTCCCCTGAAC,GTTCAGGGGAAGGTGGCCGGCCGCCCCCGCGCGCGGCTA
xla_012,28S,699,737,39,22,0,83.5,0,1,1,CGGAGGCCGGCGTCTCCCTCGGCCCCGGGCGACGGCGAG,CTCGCCGTCGCCCGGGGCCGAGGGAGACGCCGGCCTCCG
xla_013,28S,738,777,40,0,30,81.2,0,1,1,CGGGGGGGAGCGGCGGGACGCGCTCCGGGGAGGAGGACCG,CGGTCCTCCTCCCCGGAGCGCGTCCCGCCGCTCCCCCCCG
xla_014,28S,808,847,40,30,8,86.5,0,1,1,CGCCCCGGTTGACAGCCGCGCCGGGAGCGGGGGGCCCCTT,AAGGGGCCCCCCGCTCCCGGCGCGGCTGTCAACCGGGGCG
xla_015,28S,856,894,39,8,30,83.1,0,1,1,CTCCCGCCTCGGCGGCGCGGCGCGGACGGGGCGCACTGG,CCAGTGCGCCCCGTCCGCGCCGCGCCGCCGAGGCGGGAG
xla_016,28S,925,964,40,30,29,74.4,0,1,1,TGGTCCGTGTTTCAAGACGGGTCGGGTGGGACACCGACAT,ATGTCGGTGTCCCACCCGACCCGTCTTGAAACACGGACCA
xla_017,28S,994,1032,39,29,6,79.7,0,1,1,CCCTCACCTTCATTGCGCCACAGGGTTTCGCGCAGAGTC,GACTCTGCGCGAAACCCTGTGGCGCAATGAAGGTGAGGG
xla_018,28S,1039,1077,39,6,25,83.4,0,1,1,CGGAGGGAGGGGCGGCGGGATCCCACCTCAGCCGGGGCG,CGCCCCGGCTGAGGTGGGATCCCGCCGCCCCTCCCTCCG
xla_019,28S,1103,1141,39,25,30,82.3,0,1,1,CGACGGGGCGGGCGAGACGGGCCGGTGGTGGCCCGCCGG,CCGGCGGGCCACCACCGGCCCGTCTCGCCCGCCCCGTCG
xla_020,28S,1172,1210,39,30,30,79.7,0,1,1,TGGCTTCGCCTGCCCAGGCATAGTTCACCATCTTTCGGG,CCCGAAAGATGGTGAACTATGCCTGGGCAGGCGAAGCCA
xla_021,28S,1241,1280,40,30,30,74.1,0,1,1,CGCCCCTATACCAGGTCGGACGACCGATTTGCACGTCAGG,CCTGACGTGCAAATCGGTCGTCCGACCTGGTATAGGGGCG
xla_022,28S,1311,1350,40,30,11,72.5,0,1,1,ACGGACAGCGCCAGCTATCCTGAGGGAAACTTCGGAGGGA,TCCCTCCGAAGTTTCCCTCAGGATAGCTGGCGCTGTCCGT
xla_023,28S,1362,1400,39,11,23,70.2,0,1,1,GATTTCGGCCCCAAGACCTCTAATCATTCGCTTTACCGG,CCGGTAAAGCGAATGATTAGAGGTCTTGGGGCCGAAATC
xla_024,28S,1424,1463,40,23,30,79.8,0,1,1,CCCGGCTCCAAGCCAGCGAGCCGGGCTTCTTACCCATTTA,TAAATGGGTAAGAAGCCCGGCTCGCTGGCTTGGAGCCGGG
xla_025,28S,1494,1533,40,30,30,74,0,1,1,GTTCGGTTCATCCCGCAGCGCCAGTTCTGCTTACCAAAAG,CTTTTGGTAAGCAGAACTGGCGCTGCGGGATGAACCGAAC
xla_026,28S,1564,1603,40,30,30,70.4,0,1,1,CTGCTGTCTATATCAACCAACACCTTTTCTGGGGTCTGAT,ATCAGACCCCAGAAAAGGTGTTGGTTGATATAGACAGCAG
xla_027,28S,1634,1673,40,30,29,75.4,0,1,1,AGGGCTAGTTGATTCGGCAGGTGAGTTGTTACACACTCCT,AGGAGTGTGTAACAACTCACCTGCCGAATCAACTAGCCCT
xla_028,28S,1703,1741,39,29,9,79.9,0,1,1,CCCCGCGGACTGACCCAGCGCCGGCGACGGCCGGGTATG,CATACCCGGCCGTCGCCGGCGCTGGGTCAGTCCGCGGGG
xla_029,28S,1751,1789,39,9,21,84.6,0,1,1,CGCTTCCGCGCCCACCGCCGGGGCCCTCCTACTCAGTCG,CGACTGAGTAGGAGGGCCCCGGCGGTGGGCGCGGAAGCG
xla_030,28S,1811,1850,40,21,30,70,0,1,1,GAATATTTGCTACTACCACCAAGATCTGCACCCGCGGCGG,CCGCCGCGGGTGCAGATCTTGGTGGTAGTAGCAAATATTC
xla_031,28S,1881,1920,40,30,30,71.6,0,1,1,CCGACTGACCCATGTTCAACTGCTGTTCACATGGAACCCT,AGGGTTCCATGTGAACAGCAGTTGAACATGGGTCAGTCGG
xla_032,28S,1951,1990,40,30,5,79.9,0,1,1,TTTCGATCGGCCGAGGGCGACGGAGGCCATCGCCCGTCCC,GGGACGGGCGATGGCCTCCGTCGCCCTCGGCCGATCGAAA
xla_033,28S,1996,2034,39,5,16,79.5,0,1,1,CCCGTCTCCGCCACTCCGGGTTCGGGGATCTGAACCCGA,TCGGGTTCAGATCCCCGAACCCGGAGTGGCGGAGACGGG
xla_034,28S,2051,2089,39,16,30,85.3,0,1,1,CACTGGACGCCCCCGCCCCCCCGCCGCCGCGAGGCGTCG,CGACGCCTCGCGGCGGCGGGGGGGCGGGGGCGTCCAGTG
xla_035,28S,2120,2159,40,30,30,70.9,0,1,1,GCCCTTCACAAAGAAAAGAGAACTCTTCTCCCGGGCTCCC,GGGAGCCCGGGAGAAGAGTTCTCTTTTCTTTGTGAAGGGC
xla_036,28S,2190,2229,40,30,30,78.6,0,1,1,CCGCCGGAACCGCGACGCTTTCCAACGGCGCGGGCCCCTC,GAGGGGCCCGCGCCGTTGGAAAGCGTCGCGGTTCCGGCGG
xla_037,28S,2260,2299,40,30,30,78.1,0,1,1,TACGGCCCGGCGCAGAGATTTACACCCTCTCCCCCGGATT,AATCCGGGGGAGAGGGTGTAAATCTCTGCGCCGGGCCGTA
xla_038,28S,2330,2369,40,30,26,71.6,0,1,1,GACTTCCCTTACCTACATTGTTCTAACATGCCAGAGGCTG,CAGCCTCTGGCATGTTAGAACAATGTAGGTAAGGGAAGTC
xla_039,28S,2396,2434,39,26,30,79.9,0,1,1,CCCCAGCCCGACCGACCCAGCCCTTAGAGCCAATCCTTA,TAAGGATTGGCTCTAAGGGCTGGGTCGGTCGGGCTGGGG
xla_040,28S,2465,2503,39,30,0,78,0,1,1,CGGGAGGAGGGAAAGAGCGCCACGGGGGCGCCTTCGTCC,GGACGAAGGCGCCCCCGTGGCGCTCTTTCCCTCCTCCCG
xla_041,28S,2504,2542,39,0,28,85.3,0,1,1,CGCGGCCCCCCGCGAGGGGGGGCCGGAGAGAGAGGGGGG,CCCCCCTCTCTCTCCGGCCCCCCCTCGCGGGGGGCCGCG
xla_042,28S,2571,2609,39,28,30,83.6,0,1,1,AAGGGCCCGGCGCGCGTCCAGAGTCGCCGCCGCCGGGCG,CGCCCGGCGGCGGCGACTCTGGACGCGCGCCGGGCCCTT
xla_043,28S,2640,2678,39,30,30,81,0,1,1,ACGGGGGGAGGCGCAGGAGGGGGACGGCGCGGGGGAGAG,CTCTCCCCCGCGCCGTCCCCCTCCTGCGCCTCCCCCCGT
xla_044,28S,2709,2748,40,30,30,85.4,0,1,1,TAAGTCAGCTGCTAGGCGCCGGCCGAGGCCGGGCCCGCCC,GGGCGGGCCCGGCCTCGGCCGGCGCCTAGCAGCTGACTTA
xla_045,28S,2779,2818,40,30,24,71.2,0,1,1,AACACCCGCCTCGGGCCTTCGCGATGCTTTGTTTTAATTA,TAATTAAAACAAAGCATCGCGAAGGCCCGAGGCGGGTGTT
xla_046,28S,2843,2882,40,24,8,68.9,0,1,1,CCCGCGCTTCATTGAATTTCTTCACTTTGACATTCAGAGC,GCTCTGAATGTCAAAGTGAAGAAATTCAATGAAGCGCGGG
xla_047,28S,2891,2930,40,8,30,70.7,0,1,1,CGAGGCATTTGGCTACCTTAAGAGAGTCATAGTTACTCCC,GGGAGTAACTATGACTCTCTTAAGGTAGCCAAATGCCTCG
xla_048,28S,2961,3000,40,30,30,70.4,0,1,1,TTTCGCTAGATAGTAGGTAGGGACAGTGGGAATCTCGTTC,GAACGAGATTCCCACTGTCCCTACCTACTATCTAGCGAAA
xla_049,28S,3031,3070,40,30,25,74.7,0,1,1,AGACTAGAGTCAAGCTCAACAGGGTCTTCTTTCCCCGCTG,CAGCGGGGAAAGAAGACCCTGTTGAGCTTGACTCTAGTCT
xla_050,28S,3096,3134,39,25,30,79.2,0,1,1,CCCTTTGCGACGAGCGCGGGGGCCTCCCACTTATCCTAC,GTAGGATAAGTGGGAGGCCCCCGCGCTCGTCGCAAAGGG
xla_051,28S,3165,3204,40,30,4,71.5,0,1,1,TCGGGGCTCGCCCCCGCCTCACCGGGTAAGTGAAAAAACG,CGTTTTTTCACTTACCCGGTGAGGCGGGGGCGAGCCCCGA
xla_052,28S,3209,3247,39,4,30,81.4,0,1,1,CCCGGCGCGGGGGCCGGCGCTTGGGTCCAGAAGCGAGAG,CTCTCGCTTCTGGACCCAAGCGCCGGCCCCCGCGCCGGG
xla_053,28S,3278,3317,40,30,30,74.5,0,1,1,CGTTACGGTTTGACAGGTGTACCGCCCCAGTCAAACTCCC,GGGAGTTTGACTGGGGCGGTACACCTGTCAAACCGTAACG
xla_054,28S,3348,3387,40,30,25,78.6,0,1,1,AAGCGAGCTTTTGCCCTTCTGCTCCACGGGAGGTTTCTGT,ACAGAAACCTCCCGTGGAGCAGAAGGGCAAAAGCTCGCTT
xla_055,28S,3413,3451,39,25,30,70.2,0,1,1,AAAAGTCAGAAGGATCGTGAGGCCCCGCGTTTCACGGTC,GACCGTGAAACGCGGGGCCTCACGATCCTTCTGACTTTT
xla_056,28S,3482,3521,40,30,28,76.3,0,1,1,TGAACGCTTGGCCGGCCACAAGCCAGTTATCCCTGTGGTA,TACCACAGGGATAACTGGCTTGTGGCCGGCCAAGCGTTCA
xla_057,28S,3550,3589,40,28,25,66.4,0,1,1,GCTTGGTGAATTCTGCTTCACAATGATAGGAAGAGCCGAC,GTCGGCTCTTCCTATCATTGTGAAGCAGAATTCACCAAGC
xla_058,28S,3615,3654,40,25,30,70.2,0,1,1,ACTAACCTGTCTCACGACGGTCTAAACCCAGCTCACGTTC,GAACGTGAGCTGGGTTTAGACCGTCGTGAGACAGGTTAGT
xla_059,28S,3685,3724,40,30,30,74.6,0,1,1,GTCTGAACCTGCGGTTCCTCTCGTACTGAGCAGGATTACT,AGTAATCCTGCTCAGTACGAGAGGAACCGCAGGTTCAGAC
xla_060,28S,3755,3794,40,30,30,76,0,1,1,GCGTTCAGTCATAATCCCACAGATGGTAGCTTCGCCCCAT,ATGGGGCGAAGCTACCATCTGTGGGATTATGACTGAACGC
xla_061,28S,3825,3864,40,30,30,77.4,0,1,1,TAATCCGAGGCCGACCGAGGCTCCGCGGCGCTGCGGTATC,GATACCGCAGCGCCGCGGAGCCTCGGTCGGCCTCGGATTA
xla_062,28S,3895,3933,39,30,27,83.3,0,1,1,CTTTCGTCCGCGCTCCGGTCCCGAGGCGAGCGGCTCTGC,GCAGAGCCGCTCGCCTCGGGACCGGAGCGCGGACGAAAG
xla_063,28S,3961,4000,40,27,30,70,0,1,1,GTCTACGAATGATTTAGCACCAGGTTCCCCACGAACGTGC,GCACGTTCGTGGGGAACCTGGTGCTAAATCATTCGTAGAC
xla_064,28S,4031,4070,40,30,12,71.8,0,1,1,GATGACTTTCAATAGATCGCAGCGAGGTAGCTGCTCTGCT,AGCAGAGCAGCTACCTCGCTGCGATCTATTGAAAGTCATC
xla_065,18S,2,41,40,1,28,68.6,0,1,1,CTTTGAGACAAGCATATGCTACTGGCAGGATCAACCAGGT,ACCTGGTTGATCCTGCCAGTAGCATATGCTTGTCTCAAAG
xla_066,18S,70,109,40,28,30,70.5,0,1,1,ACTGATTTAATGAGCCATTCGCAGTTTCACTGTACCGGCC,GGCCGGTACAGTGAAACTGCGAATGGCTCATTAAATCAGT
xla_067,18S,140,179,40,30,28,66.9,0,1,1,GTCGGCATGTATTAGCTCTAGAATTACCACAGTTATCCAA,TTGGATAACTGTGGTAATTCTAGAGCTAATACATGCCGAC
xla_068,18S,208,246,39,28,30,78.4,0,1,1,CCGGGGCGCGGGGGCCCCGGATTGGTTTTGGTCTGATAA,TTATCAGACCAAAACCAATCCGGGGCCCCCGCGCCCCGG
xla_069,18S,277,316,40,30,30,70.7,0,1,1,CATCCGAATGTATCGTCGCCGTCACGGGGACGTGCGATCG,CGATCGCACGTCCCCGTGACGGCGACGATACATTCGGATG
xla_070,18S,347,385,39,30,30,79.5,0,1,1,CCTGATTCCCCGTTACCCGTGGTCACCATGGTAGGCGCA,TGCGCCTACCATGGTGACCACGGGTAACGGGGAATCAGG
xla_071,18S,416,455,40,30,13,79,0,1,1,GTAATTTGCGCGCCTGCTGCCTTCCTTGGATGTGGTAGCC,GGCTACCACATCCAAGGAAGGCAGCAGGCGCGCAAATTAC
xla_072,18S,469,508,40,13,30,70.1,0,1,1,GAAAGAGTCCTGTATTGTTATTTTTCGTCACTACCTCCCC,GGGGAGGTAGTGACGAAAAATAACAATACAGGACTCTTTC
xla_073,18S,539,578,40,30,0,68,0,1,1,CACCAGACTTGCCCTCCAATAGATCCTCGTTAAAGGATTT,AAATCCTTTAACGAGGATCTATTGGAGGGCAAGTCTGGTG
xla_074,18S,579,617,39,0,29,67.3,0,1,1,AATATACGCTATTGGAGCTGGAATTACCGCGGCTGCTGG,CCAGCAGCCGCGGTAATTCCAGCTCCAATAGCGTATATT
xla_075,18S,647,685,39,29,30,79.3,0,1,1,CCGCCTCGCGGCGGACCGCCAGCTCGATCCCAAGATCCA,TGGATCTTGGGATCGAGCTGGCGGTCCGCCGCGAGGCGG
xla_076,18S,716,755,40,30,30,79.3,0,1,1,CGGGCCCCCGGGACACTCAGTCAAGAGCATCGGGGAGGCG,CGCCTCCCCGATGCTCTTGACTGAGTGTCCCGGGGGCCCG
xla_077,18S,786,825,40,30,30,74.9,0,1,1,TATTCCTAGCTGAAGTATCCAGGCGACGCGGCCTGCTTGG,CCAAGCAGGCCGCGTCGCCTGGATACTTCAGCTAGGAATA
xla_078,18S,856,895,40,30,30,74.9,0,1,1,CCCGGCCGTCCCTCTTAATCATGGCCCCAGTTCCGAAAAC,GTTTTCGGAACTGGGGCCATGATTAAGAGGGACGGCCGGG
xla_079,18S,926,965,40,30,23,70.4,0,1,1,AAATGCTTTCGCTTTGGTTCGTCTTGCGCCGGTCCAAGAA,TTCTTGGACCGGCGCAAGACGAACCAAAGCGAAAGCATTT
xla_080,18S,989,1028,40,23,30,70.4,0,1,1,GACGGTATCTGATCGTCTTCGAACCTCCGACTTTCGTTCT,AGAACGAAAGTCGGAGGTTCGAAGACGATCAGATACCGTC
xla_081,18S,1059,1098,40,30,28,72.4,0,1,1,AAGCTGCTCGGCGGGTCATGGGAATAACGCCGCCGGATCG,CGATCCGGCGGCGTTATTCCCATGACCCGCCGAGCAGCTT
xla_082,18S,1127,1166,40,28,30,70.7,0,1,1,GTCAATTCCTTTAAGTTTCAGCTTTGCAACCATACTCCCC,GGGGAGTATGGTTGCAAAGCTGAAACTTAAAGGAATTGAC
xla_083,18S,1197,1236,40,30,22,73.9,0,1,1,CCGGGCCGGGTGAGGTTTCCCGTGTTGAGTCAAATTAAGC,GCTTAATTTGACTCAACACGGGAAACCTCACCCGGCCCGG
xla_084,18S,1259,1298,40,22,26,70.1,0,1,1,GGCCATGCACCACCACCCACAGAATCGAGAAAGAGCTATC,GATAGCTCTTTCTCGATTCTGTGGGTGGTGGTGCATGGCC
xla_085,18S,1325,1364,40,26,27,67.6,0,1,1,GTTAGCATGGAGGAGTCTCGTTCGTTATCGGAATTAACCA,TGGTTAATTCCGATAACGAACGAGACTCCTCCATGCTAAC
xla_086,18S,1392,1431,40,27,27,72.2,0,1,1,TCGTGTGGCTGAACGCCACTTGTCCCTCTAAGAAGTTGGA,TCCAACTTCTTAGAGGGACAAGTGGCGTTCAGCCACACGA
xla_087,18S,1459,1498,40,27,27,77.6,0,1,1,CCGTTCAGTGTAGCGCGCGTGCAGCCCCGGACATCTAAGG,CCTTAGATGTCCGGGGCTGCACGCGCGCTACACTGAACGG
xla_088,18S,1526,1565,40,27,25,76,0,1,1,ATCCCTATCACGAACGGGGTTCAGCGGGTTACCCGCACCT,AGGTGCGGGTAACCCGCTGAACCCCGTTCGTGATAGGGAT
xla_089,18S,1591,1629,39,25,26,71.1,0,1,1,ACGCGAGCTTATGACCCGCACTTACTGGGAATTCCTCGT,ACGAGGAATTCCCAGTAAGTGCGGGTCATAAGCTCGCGT
xla_090,18S,1656,1695,40,26,26,70.4,0,1,1,ACCTCACTAAACCATCCAATCGGTAGTAGCGACGGGCGGT,ACCGCCCGTCGCTACTACCGATTGGATGGTTTAGTGAGGT
xla_091,18S,1722,1761,40,26,21,79.1,0,1,1,CAAGTTTGATCGTCTTCTCGGCGCTCCGCCAGGGCCGTGG,CCACGGCCCTGGCGGAGCGCCGAGAAGACGATCAAACTTG
xla_092,18S,1783,1821,39,21,4,70,0,1,1,GATCCTTCCGCAGGTTCACCTACGGAAACCTTGTTACGA,TCGTAACAAGGTTTCCGTAGGTGAACCTGCGGAAGGATC
xla_093,5.8S,31,70,40,30,30,70.7,0,1,1,ACTAATTCTCGCAGCTAGCTGCGTTCTTCATCGACGCACG,CGTGCGTCGATGAAGAACGCAGCTAGCTGCGAGAATTAGT
xla_094,5.8S,101,140,40,30,22,78.7,0,1,1,GGCCCCGGGAGGAACCCGGGGCCGCAAGGTGCGTTCGAAG,CTTCGAACGCACCTTGCGGCCCCGGGTTCCTCCCGGGGCC
xla_095,16S,1,40,40,0,29,60.7,0,1,1,GAGGTTATTGTTATTATAATTGGAATGCTAGGTTTTTGGA,TCCAAAAACCTAGCATTCCAATTATAATAACAATAACCTC
xla_096,16S,70,109,40,29,3,58,0,1,1,GCTATTATGATTGTTCTATCGCCTATACTAAAATTTTAGA,TCTAAAATTTTAGTATAGGCGATAGAACAATCATAATAGC
xla_097,16S,113,151,39,3,4,65.8,0,1,1,TTTCATTTCTATTTCATCTTTCCTTACGGTACTTTTTCT,AGAAAAAGTACCGTAAGGAAAGATGAAATAGAAATGAAA
xla_098,16S,156,194,39,4,2,69.8,0,1,1,AGGTACGAGGTAAGTTCTCTGCTTTTTGTTGCTTAGTTA,TAACTAAGCAACAAAAAGCAGAGAACTTACCTCGTACCT
xla_099,16S,197,235,39,2,9,66.5,0,1,1,TTCGTTTTGCTTGATTATGACTGGCTAGACCATTATGCA,TGCATAATGGTCTAGCCAGTCATAATCAAGCAAAACGAA
xla_100,16S,245,283,39,9,30,71.1,0,1,1,AAAGCTGTCTCGGAGTAGATCGCTTAGTTTCGGGTAGTC,GACTACCCGAAACTAAGCGATCTACTCCGAGACAGCTTT
xla_101,16S,314,353,40,30,5,76.8,0,1,1,CTCGTTTGGTCTGTACACCCCTACTCGGAGATCTTCCCAC,GTGGGAAGATCTCCGAGTAGGGGTGTACAGACCAAACGAG
xla_102,16S,359,398,40,5,29,67,0,1,1,GGGTAGAACTTATATTCATTTCCTGAGCAACCAGCTATCA,TGATAGCTGGTTGCTCAGGAAATGAATATAAGTTCTACCC
xla_103,16S,428,467,40,29,1,63.3,0,1,1,TCAGGCTGTACCCTGATTGAATAAATCCTAAGTAGACTTT,AAAGTCTACTTAGGATTTATTCAATCAGGGTACAGCCTGA
xla_104,16S,469,507,39,1,30,65.4,0,1,1,ATAATCTTTACCCAGTATTATAGGTTGTATCCTGTTTCA,TGAAACAGGATACAACCTATAATACTGGGTAAAGATTAT
xla_105,16S,538,577,40,30,19,74.2,0,1,1,GAGTGAGCTTTGACGCTGTCTTTACAGGTGGCTGCTTTTA,TAAAAGCAGCCACCTGTAAAGACAGCGTCAAAGCTCACTC
xla_106,16S,597,635,39,19,14,65.1,0,1,1,AGCTCAGTATTGTTTGGGGGTTTAGAATTAGTTATACTA,TAGTATAACTAATTCTAAACCCCCAAACAATACTGAGCT
xla_107,16S,650,688,39,14,26,66.7,0,1,1,ATCGTGTATCACATTACTAGTTCTAGCATAAGTGCTTCT,AGAAGCACTTATGCTAGAACTAGTAATGTGATACACGAT
xla_108,16S,715,754,40,26,1,64.3,0,1,1,GGATCTCAGGGAGGACGTTAATTATCAGTGATTTATTCGA,TCGAATAAATCACTGATAATTAACGTCCTCCCTGAGATCC
xla_109,16S,756,794,39,1,30,64.4,0,1,1,ACGGTAATAAGTGCATGGTTTTCTTGTTTTGTTATTGCA,TGCAATAACAAAACAAGAAAACCATGCACTTATTACCGT
xla_110,16S,825,864,40,30,27,73.8,0,1,1,GGGGTTCATAGTTTGCCGAGTTCCTTCTGCGTCTTTTAAT,ATTAAAAGACGCAGAAGGAACTCGGCAAACTATGAACCCC
xla_111,16S,892,931,40,27,20,68.5,0,1,1,CTTGGGCAGGCTGGACCTCTTATACAATGTTTTTTAAGCA,TGCTTAAAAAACATTGTATAAGAGGTCCAGCCTGCCCAAG
xla_112,16S,952,990,39,20,19,70,0,1,1,AGACAGTGATTACGCTACCTTTGCACGGTCAGATACCGC,GCGGTATCTGACCGTGCAAAGGTAGCGTAATCACTGTCT
xla_113,16S,1010,1048,39,19,29,70.1,0,1,1,ATGGATTGGATGCAGGAGACAGTTGAACCTTCGTGGCCG,CGGCCACGAAGGTTCAACTGTCTCCTGCATCCAATCCAT
xla_114,16S,1078,1117,40,29,21,70.6,0,1,1,TTAGTTTAAAGCTCCATAGGGCTTCTCGTTCTATGGTTCT,AGAACCATAGAACGAGAAGCCCTATGGAGCTTTAAACTAA
xla_115,16S,1139,1178,40,21,26,70.2,0,1,1,GGTCAGTTTCTGCTTGTTTAATTGTTATTTCCTTATGGGT,ACCCATAAGGAAATAACAATTAAACAAGCAGAAACTGACC
xla_116,16S,1205,1244,40,26,3,71.8,0,1,1,GGTGGTAGGCCCTATTCTTCAAGGAGGATTTTTTATTCTC,GAGAATAAAAAATCCTCCTTGAAGAATAGGGCCTACCACC
xla_117,16S,1248,1287,40,3,25,62.5,0,1,1,AGTCATAAATTTTGTTACTTAGAATGGTGGTTCTTGGTGA,TCACCAAGAACCACCATTCTAAGTAACAAAATTTATGACT
xla_118,16S,1313,1351,39,25,30,70.3,0,1,1,AATGGATTGCGCTGTTATCCCTAGGGTAACTTGGTTCGT,ACGAACCAAGTTACCCTAGGGATAACAGCGCAATCCATT
xla_119,16S,1382,1421,40,30,30,77,0,1,1,GGCTGCACCACTGGGATGCCCTGATTCCAACATCGAGGTC,GACCTCGATGTTGGAATCAGGGCATCCCAGTGGTGCAGCC
xla_120,16S,1452,1491,40,30,23,72.7,0,1,1,CCTGGATTACTCCGGTCTGAACTCAGATCACGTAGGGCTT,AAGCCCTACGTGATCTGAGTTCAGACCGGAGTAATCCAGG
xla_121,16S,1515,1553,39,23,28,65.2,0,1,1,ACATTGGCCTCATTTTTTCGGTCCTTTCGTACTAGAAAA,TTTTCTAGTACGAAAGGACCGAAAAAATGAGGCCAATGT
xla_122,16S,1582,1621,40,28,10,64.7,0,1,1,CTTGGGCAGAGTATTAGTTCTATTTTCAATTTAGTTGACT,AGTCAACTAAATTGAAAATAGAACTAATACTCTGCCCAAG
xla_123,12S,29,67,39,28,27,70.1,0,1,1,TCGAGCTTTGTGTCGCTCATGTTCAATGTTTATCACTGC,GCAGTGATAAACATTGAACATGAGCGACACAAAGCTCGA
xla_124,12S,95,133,39,27,30,70.3,0,1,1,ACTTGAGTTTCTCGTATAACCGCGGCGGCTGCACGAGAT,ATCTCGTGCAGCCGCCGCGGTTATACGAGAAACTCAAGT
xla_125,12S,164,203,40,30,14,72.5,0,1,1,TGCGACAGCTTGGTTGGAGTTTGACTCTAGTTTGGGTTAC,GTAACCCAAACTAGAGTCAAACTCCAACCAAGCTGTCGCA
xla_126,12S,218,256,39,14,29,68,0,1,1,GTGTAATATGGGTAGAGTTACTTTCGTGAGTGTTCTTCA,TGAAGAACACTCACGAAAGTAACTCTACCCATATTACAC
xla_127,12S,286,325,40,29,30,70.2,0,1,1,GTCAAAGTTTATGGCTAGGCATAGTGGGGTATCTAATCCC,GGGATTAGATACCCCACTATGCCTAGCCATAAACTTTGAC
xla_128,12S,356,395,40,30,30,74,0,1,1,TTTGGAGCACCGCCAAGTCCTTTGGGTTTTAAGCTTAGGC,GCCTAAGCTTAAAACCCAAAGGACTTGGCGGTGCTCCAAA
xla_129,12S,426,465,40,30,9,75.2,0,1,1,GGCGGGTTTGGCAAGAAGTGGTGAGGTTTAGCGAGGGGTA,TACCCCTCGCTAAACCTCACCACTTCTTGCCAAACCCGCC
xla_130,12S,475,514,40,9,27,70.3,0,1,1,AAGCCTACTAAGAATCTCTCACGAGGTGGGCTGGCGACGG,CCGTCGCCAGCCCACCTCGTGAGAGATTCTTAGTAGGCTT
xla_131,12S,542,580,39,27,18,71.1,0,1,1,AATGTAGCCCATTTCTTCCCACTTCATATGCTACACCTT,AAGGTGTAGCATATGAAGTGGGAAGAAATGGGCTACATT
xla_132,12S,599,638,40,18,22,71.6,0,1,1,ATCCGCCTTTTCTCGATCTGGTTTCATAGAGATCTTTCGT,ACGAAAGATCTCTATGAAACCAGATCGAGAAAAGGCGGAT
xla_133,12S,661,700,40,22,6,73.6,0,1,1,CGGTGTGTGCGCGCTCCAGGGCCGTTTTAAAGAGGAACTC,GAGTTCCTCTTTAAAACGGCCCTGGAGCGCGCACACACCG
xla_134,12S,707,746,40,6,30,66.2,0,1,1,GTGTGTTTATAGACGTTGGTTGATTTTTGTAGAAGAGGGT,ACCCTCTTCTACAAAAATCAACCAACGTCTATAAACACAC
xla_135,12S,777,816,40,30,3,78.7,0,1,1,CCAAGCACACCTTCCGGCTGGTGATCCCGATCTCAGTGGT,ACCACTGAGATCGGGATCACCAGCCGGAAGGTGTGCTTGG
xla_136,5S_mat_som,14,52,39,13,29,73.1,2,4,2,GCTTCYGAGATCAGACGAGATCRGGCACTTTCAGGGTGG,CCACCCTGAAAGTGCCYGATCTCGTCTGATCTCRGAAGC
xla_137,5S_mat_som,82,120,39,29,0,77.7,0,1,2,AAGCCTACGACACCTGGTATTCCCAGGCGGTCTCCCATC,GATGGGAGACCGCCTGGGAATACCAGGTGTCGTAGGCTT