Name,Target,Start,End,Length,L_gap,R_gap,Tm,GC,Wcards,Expands,N_targets,Antisense_oligo,Target_seq
xtr_001,28s_XR_004223790.1,19,58,40,18,22,70.1,0.47,0,1,1,TTCCTCCGCTTAGTAATATGCTTAAATTCAGCGGGTCGCC,GGCGACCCGCTGAATTTAAGCATATTACTAAGCGGAGGAA
xtr_002,28s_XR_004223790.1,81,120,40,22,7,79.8,0.6,0,1,1,ATTCGGCGCTGGGCTCTTCCCTCTTCACTCGCCGTTACTG,CAGTAACGGCGAGTGAAGAGGGAAGAGCCCAGCGCCGAAT
xtr_003,28s_XR_004223790.1,128,166,39,7,30,81,0.77,0,1,1,CGGTCTCCCGTACGCCACATTTCCCGCGCCCGCCGCGCG,CGCGCGGCGGGCGCGGGAAATGTGGCGTACGGGAGACCG
xtr_004,28s_XR_004223790.1,197,236,40,30,30,77.9,0.68,0,1,1,GGCCTAACACCGTCCGCGGGCTGGGCCTCGATCAGAAGGA,TCCTTCTGATCGAGGCCCAGCCCGCGGACGGTGTTAGGCC
xtr_005,28s_XR_004223790.1,267,306,40,30,30,70.3,0.55,0,1,1,GCTTTGGGCTGCATTCACAAACAACCCGACTCCGAGGAGA,TCTCCTCGGAGTCGGGTTGTTTGTGAATGCAGCCCAAAGC
xtr_006,28s_XR_004223790.1,337,376,40,30,30,77,0.57,0,1,1,CTTTCCCTTACGGTACTTGTCCGCTATCGGTCTCGTGCCG,CGGCACGAGACCGATAGCGGACAAGTACCGTAAGGGAAAG
xtr_007,28s_XR_004223790.1,407,446,40,30,1,75.6,0.57,0,1,1,ACGGACCCCACCCGTTTACCTCTTAACGGTTTCACGCCCT,AGGGCGTGAAACCGTTAAGAGGTAAACGGGTGGGGTCCGT
xtr_008,28s_XR_004223790.1,448,487,40,1,7,82,0.82,0,1,1,CGGCCGGCGCCCCGCCGGGTTGAATCCTCCGGGCGGACCG,CGGTCCGCCCGGAGGATTCAACCCGGCGGGGCGCCGGCCG
xtr_009,28s_XR_004223790.1,495,533,39,7,30,82.4,0.77,0,1,1,CGTGAGGGGAAGGGGCAGGCGGGGGGGTCCGCTGAGTGG,CCACTCAGCGGACCCCCCCGCCTGCCCCTTCCCCTCACG
xtr_010,28s_XR_004223790.1,564,602,39,30,13,81,0.82,0,1,1,CGGAGGAAATGCGCCCTGCGGGGGCCGGGGGCCGTCCGG,CCGGACGGCCCCCGGCCCCCGCAGGGCGCATTTCCTCCG
xtr_011,28s_XR_004223790.1,616,654,39,13,30,82.2,0.74,0,1,1,TGAACCCCTGGGCCTTCCCAGCCGACCCGGAGCCGGTCG,CGACCGGCTCCGGGTCGGCTGGGAAGGCCCAGGGGTTCA
xtr_012,28s_XR_004223790.1,685,723,39,30,29,81.5,0.74,0,1,1,ACGGCGAGTGCTGCTGCCTGGGGGGGGGCTGTAACGCCG,CGGCGTTACAGCCCCCCCCCAGGCAGCAGCACTCGCCGT
xtr_013,28s_XR_004223790.1,753,792,40,29,30,80,0.78,0,1,1,GGGAGGCGGGACGGGACGGTTCCGGGGTAGAGAGGCCGCG,CGCGGCCTCTCTACCCCGGAACCGTCCCGTCCCGCCTCCC
xtr_014,28s_XR_004223790.1,823,861,39,30,3,85.7,0.82,0,1,1,CGTTTGACAGCCGCGCCGGGAGCGGGGGGCCCCGTCCCC,GGGGACGGGGCCCCCCGCTCCCGGCGCGGCTGTCAAACG
xtr_015,28s_XR_004223790.1,865,904,40,3,30,83.9,0.85,0,1,1,CGGCGGCGCGGCGCGGCTGGGGCGCACTGAGGGCAGTCCG,CGGACTGCCCTCAGTGCGCCCCAGCCGCGCCGCGCCGCCG
xtr_016,28s_XR_004223790.1,935,974,40,30,30,73.7,0.68,0,1,1,TTCAAGACGGGTCGGGTGGGACACCGACATCGCCGCGGAC,GTCCGCGGCGATGTCGGTGTCCCACCCGACCCGTCTTGAA
xtr_017,28s_XR_004223790.1,1005,1044,40,30,14,79,0.6,0,1,1,TTCATTGCGCCACAGGGTTTCGCGCAGAGTCCCTCCGACT,AGTCGGAGGGACTCTGCGCGAAACCCTGTGGCGCAATGAA
xtr_018,28s_XR_004223790.1,1059,1097,39,14,30,82.4,0.82,0,1,1,CGAAGGGGGGGGCGGCGGGATCCCACCTCAGCCGGGGCG,CGCCCCGGCTGAGGTGGGATCCCGCCGCCCCCCCCTTCG
xtr_019,28s_XR_004223790.1,1128,1167,40,30,14,80.1,0.78,0,1,1,CGCTCACGCTCCACCTCCCCGACGGTGCGGGCGAGACGGG,CCCGTCTCGCCCGCACCGTCGGGGAGGTGGAGCGTGAGCG
xtr_020,28s_XR_004223790.1,1182,1220,39,14,30,79.7,0.59,0,1,1,CTGGCTTCGCCCTGCCCAGGCATAGTTCACCATCTTTCG,CGAAAGATGGTGAACTATGCCTGGGCAGGGCGAAGCCAG
xtr_021,28s_XR_004223790.1,1251,1290,40,30,30,74.5,0.62,0,1,1,CGCCCCTATACCCAGGTCGGACGACCGATTTGCACGTCAG,CTGACGTGCAAATCGGTCGTCCGACCTGGGTATAGGGGCG
xtr_022,28s_XR_004223790.1,1321,1360,40,30,23,72,0.6,0,1,1,GAGACGAGCGCCAGCTATCCTGAGGGAAACTTCGGAGGGA,TCCCTCCGAAGTTTCCCTCAGGATAGCTGGCGCTCGTCTC
xtr_023,28s_XR_004223790.1,1384,1423,40,23,11,70.3,0.47,0,1,1,TAGGTTGAGATCGTTTCGGCCCCAAGACCTCTAATCATTC,GAATGATTAGAGGTCTTGGGGCCGAAACGATCTCAACCTA
xtr_024,28s_XR_004223790.1,1435,1474,40,11,30,79.8,0.62,0,1,1,CCCGGCTCCAAGCCAGCGAGCCGGGCTTCTTACCCATTTA,TAAATGGGTAAGAAGCCCGGCTCGCTGGCTTGGAGCCGGG
xtr_025,28s_XR_004223790.1,1505,1544,40,30,30,73.5,0.55,0,1,1,CGTTCGGTTCATCCCGCAGCGCCAGTTCTGCTTACCAAAA,TTTTGGTAAGCAGAACTGGCGCTGCGGGATGAACCGAACG
xtr_026,28s_XR_004223790.1,1575,1614,40,30,30,72.1,0.47,0,1,1,CCTGCTGTCTATATCAACCAACACCTTTTCTGGGGTCTGA,TCAGACCCCAGAAAAGGTGTTGGTTGATATAGACAGCAGG
xtr_027,28s_XR_004223790.1,1645,1684,40,30,28,74.9,0.53,0,1,1,CAGGGCTAGTTGATTCGGCAGGTGAGTTGTTACACACTCC,GGAGTGTGTAACAACTCACCTGCCGAATCAACTAGCCCTG
xtr_028,28s_XR_004223790.1,1713,1751,39,28,6,79.9,0.77,0,1,1,CCCCGCGGACTGACCCAGTGCCGGCGACGGCCGGGTATG,CATACCCGGCCGTCGCCGGCACTGGGTCAGTCCGCGGGG
xtr_029,28s_XR_004223790.1,1758,1796,39,6,24,83.5,0.79,0,1,1,CTTCCGCGCCCACCGCGGCGGCCCTCCTACTCGTCGCGG,CCGCGACGAGTAGGAGGGCCGCCGCGGTGGGCGCGGAAG
xtr_030,28s_XR_004223790.1,1821,1860,40,24,30,70,0.55,0,1,1,GAATATTTGCTACTACCACCAAGATCTGCACCCGCGGCGG,CCGCCGCGGGTGCAGATCTTGGTGGTAGTAGCAAATATTC
xtr_031,28s_XR_004223790.1,1891,1930,40,30,30,71.6,0.53,0,1,1,CCGACTGACCCATGTTCAACTGCTGTTCACATGGAACCCT,AGGGTTCCATGTGAACAGCAGTTGAACATGGGTCAGTCGG
xtr_032,28s_XR_004223790.1,1961,2000,40,30,5,79.9,0.72,0,1,1,TTTCGATCGGCCGAGGGCGACGGAGGCCATCGCCCGTCCC,GGGACGGGCGATGGCCTCCGTCGCCCTCGGCCGATCGAAA
xtr_033,28s_XR_004223790.1,2006,2044,39,5,30,79.5,0.69,0,1,1,CCCGTCTCCGCCACTCCGGGTTCGGGGATCTGAACCCGA,TCGGGTTCAGATCCCCGAACCCGGAGTGGCGGAGACGGG
xtr_034,28s_XR_004223790.1,2075,2113,39,30,27,85.5,0.79,0,1,1,GATCGGTCGCGTTGCCGCACTGGACGCCCCCGCCCCCCC,GGGGGGGCGGGGGCGTCCAGTGCGGCAACGCGACCGATC
xtr_035,28s_XR_004223790.1,2141,2180,40,27,30,70.3,0.55,0,1,1,TCCAGGGCGGCCCTGCCCTTCACAAAGAAAAGAGAACTCT,AGAGTTCTCTTTTCTTTGTGAAGGGCAGGGCCGCCCTGGA
xtr_036,28s_XR_004223790.1,2211,2250,40,30,30,74.2,0.7,0,1,1,GAGCTCACCGGACGCCGCCGGAACCGCGACGCTTTCCAAG,CTTGGAAAGCGTCGCGGTTCCGGCGGCGTCCGGTGAGCTC
xtr_037,28s_XR_004223790.1,2281,2320,40,30,30,73.6,0.62,0,1,1,CTGCTGCGGATATGGGTACGGCCCGGCGCGAGATTTACAC,GTGTAAATCTCGCGCCGGGCCGTACCCATATCCGCAGCAG
xtr_038,28s_XR_004223790.1,2351,2390,40,30,10,72.1,0.47,0,1,1,ACGGATCTGACTTGCCGACTTCCCTTACCTACATTGTTCT,AGAACAATGTAGGTAAGGGAAGTCGGCAAGTCAGATCCGT
xtr_039,28s_XR_004223790.1,2401,2439,39,10,24,79.9,0.64,0,1,1,CCCCAGCCCGACCGACCCAGCCCTTAGAGCCAATCCTTA,TAAGGATTGGCTCTAAGGGCTGGGTCGGTCGGGCTGGGG
xtr_040,28s_XR_004223790.1,2464,2503,40,24,4,85.2,0.85,0,1,1,CGGGAGGAGGGAGGCCGCCGGGGCGCCTCGTCCAGCCGCG,CGCGGCTGGACGAGGCGCCCCGGCGGCCTCCCTCCTCCCG
xtr_041,28s_XR_004223790.1,2508,2546,39,4,30,86.8,0.82,0,1,1,CGCTCCCGTCCCCCCCGGGTGGGGGGGCCGAGAGAGAGG,CCTCTCTCTCGGCCCCCCCACCCGGGGGGGACGGGAGCG
xtr_042,28s_XR_004223790.1,2577,2615,39,30,30,83.1,0.85,0,1,1,GAAGGGCCCGGCGCGCGTCCAGAGTCGCCGCCGCCGGCG,CGCCGGCGGCGGCGACTCTGGACGCGCGCCGGGCCCTTC
xtr_043,28s_XR_004223790.1,2646,2685,40,30,8,79.3,0.82,0,1,1,GGCGACGGGGGAGGCGCCGGAGGGGACGGCGCGGGGAAGA,TCTTCCCCGCGCCGTCCCCTCCGGCGCCTCCCCCGTCGCC
xtr_044,28s_XR_004223790.1,2694,2732,39,8,30,87.6,0.9,0,1,1,CGCCGGGCCCCGCACCCGCCGCTCCGTCCCCCGCGAGGG,CCCTCGCGGGGGACGGAGCGGCGGGTGCGGGGCCCGGCG
xtr_045,28s_XR_004223790.1,2763,2801,39,30,30,79.9,0.64,0,1,1,CTGGTCCGCACCAGTTCTAAGTCAGCTGCTAGGCGCCGG,CCGGCGCCTAGCAGCTGACTTAGAACTGGTGCGGACCAG
xtr_046,28s_XR_004223790.1,2832,2871,40,30,30,72.3,0.6,0,1,1,AAATCACATCGCGTCAACACCCGCCTCGGGCCTTCGCGAT,ATCGCGAAGGCCCGAGGCGGGTGTTGACGCGATGTGATTT
xtr_047,28s_XR_004223790.1,2902,2941,40,30,8,70.8,0.47,0,1,1,CATAGTTACTCCCGCCGTTTACCCGCGCTTCATTGAATTT,AAATTCAATGAAGCGCGGGTAAACGGCGGGAGTAACTATG
xtr_048,28s_XR_004223790.1,2950,2988,39,8,30,68.5,0.49,0,1,1,GCGCGTCACTAATTAGATGACGAGGCATTTGGCTACCTT,AAGGTAGCCAAATGCCTCGTCATCTAATTAGTGACGCGC
xtr_049,28s_XR_004223790.1,3019,3058,40,30,30,79.3,0.55,0,1,1,GCCCGTTCCCTTGGCTGTGGTTTCGCTAGATAGTAGGTAG,CTACCTACTATCTAGCGAAACCACAGCCAAGGGAACGGGC
xtr_050,28s_XR_004223790.1,3089,3128,40,30,30,70.4,0.45,0,1,1,TCATGTCTCTTCACAGTTGCAGACTAGAGTCAAGCTCAAC,GTTGAGCTTGACTCTAGTCTGCAACTGTGAAGAGACATGA
xtr_051,28s_XR_004223790.1,3159,3198,40,30,8,78.9,0.65,0,1,1,GAGTAGTGGTATTTCACCGGCGGCGCCCCTTTGCGGCGAG,CTCGCCGCAAAGGGGCGCCGCCGGTGAAATACCACTACTC
xtr_052,28s_XR_004223790.1,3207,3246,40,8,2,79.1,0.7,0,1,1,CCTCGGGGCTCGCCCCCCCGCCTCACCGGGTAAGTGAAAA,TTTTCACTTACCCGGTGAGGCGGGGGGGCGAGCCCCGAGG
xtr_053,28s_XR_004223790.1,3249,3287,39,2,30,81.4,0.79,0,1,1,CCCGGCGCGGGGCCGGGCGCTTGGGTCCAGAAGCGAGAG,CTCTCGCTTCTGGACCCAAGCGCCCGGCCCCGCGCCGGG
xtr_054,28s_XR_004223790.1,3318,3357,40,30,30,74.5,0.57,0,1,1,CGTTACGGTTTGACAGGTGTACCGCCCCAGTCAAACTCCC,GGGAGTTTGACTGGGGCGGTACACCTGTCAAACCGTAACG
xtr_055,28s_XR_004223790.1,3388,3427,40,30,22,78.3,0.55,0,1,1,TCAAGCGAGCTTTTGCCCTTCTGCTCCACGGGAGGTTTCT,AGAAACCTCCCGTGGAGCAGAAGGGCAAAAGCTCGCTTGA
xtr_056,28s_XR_004223790.1,3450,3488,39,22,30,70.6,0.54,0,1,1,AAAAGTCAGAAGGATCGTGAGGCCCCGCTTTCACGGTCT,AGACCGTGAAAGCGGGGCCTCACGATCCTTCTGACTTTT
xtr_057,28s_XR_004223790.1,3519,3558,40,30,27,75.1,0.55,0,1,1,ATGAACGCTTGGCCGCCACAAGCCAGTTATCCCTGTGGTA,TACCACAGGGATAACTGGCTTGTGGCGGCCAAGCGTTCAT
xtr_058,28s_XR_004223790.1,3586,3625,40,27,25,66.4,0.47,0,1,1,GCTTGGTGAATTCTGCTTCACAATGATAGGAAGAGCCGAC,GTCGGCTCTTCCTATCATTGTGAAGCAGAATTCACCAAGC
xtr_059,28s_XR_004223790.1,3651,3690,40,25,30,70.2,0.53,0,1,1,ACTAACCTGTCTCACGACGGTCTAAACCCAGCTCACGTTC,GAACGTGAGCTGGGTTTAGACCGTCGTGAGACAGGTTAGT
xtr_060,28s_XR_004223790.1,3721,3760,40,30,30,74.6,0.53,0,1,1,GTCTGAACCTGCGGTTCCTCTCGTACTGAGCAGGATTACT,AGTAATCCTGCTCAGTACGAGAGGAACCGCAGGTTCAGAC
xtr_061,28s_XR_004223790.1,3791,3830,40,30,30,76,0.53,0,1,1,GCGTTCAGTCATAATCCCACAGATGGTAGCTTCGCCCCAT,ATGGGGCGAAGCTACCATCTGTGGGATTATGACTGAACGC
xtr_062,28s_XR_004223790.1,3861,3900,40,30,30,78.5,0.7,0,1,1,CTATCCGAGGCCAACCGAGGCTCCGCGGCGCTGCGGTATC,GATACCGCAGCGCCGCGGAGCCTCGGTTGGCCTCGGATAG
xtr_063,28s_XR_004223790.1,3931,3969,39,30,30,82.7,0.74,0,1,1,CCTTTCGTCCGCGCTCCGGTCCCGAGGCGAGCGGCTCTG,CAGAGCCGCTCGCCTCGGGACCGGAGCGCGGACGAAAGG
xtr_064,28s_XR_004223790.1,4000,4039,40,30,30,70.1,0.53,0,1,1,GGTCGTCTACGAATGATTTAGCACCAGGTTCCCCACGAAC,GTTCGTGGGGAACCTGGTGCTAAATCATTCGTAGACGACC
xtr_065,28s_XR_004223790.1,4070,4108,39,30,16,70.7,0.51,0,1,1,AGGGATGACTTTCAATAGATCGCAGCGAGGTAGCTGCTC,GAGCAGCTACCTCGCTGCGATCTATTGAAAGTCATCCCT
xtr_066,18s_XR_004223782.1,2,41,40,1,28,68.6,0.47,0,1,1,CTTTGAGACAAGCATATGCTACTGGCAGGATCAACCAGGT,ACCTGGTTGATCCTGCCAGTAGCATATGCTTGTCTCAAAG
xtr_067,18s_XR_004223782.1,70,109,40,28,30,70.5,0.47,0,1,1,ACTGATTTAATGAGCCATTCGCAGTTTCACTGTACCGGCC,GGCCGGTACAGTGAAACTGCGAATGGCTCATTAAATCAGT
xtr_068,18s_XR_004223782.1,140,179,40,30,28,66.9,0.4,0,1,1,GTCGGCATGTATTAGCTCTAGAATTACCACAGTTATCCAA,TTGGATAACTGTGGTAATTCTAGAGCTAATACATGCCGAC
xtr_069,18s_XR_004223782.1,208,246,39,28,30,78.4,0.67,0,1,1,CCGGGGCGCGGGGGCCCCGGATTGGTTTTGGTCTGATAA,TTATCAGACCAAAACCAATCCGGGGCCCCCGCGCCCCGG
xtr_070,18s_XR_004223782.1,277,316,40,30,30,70.7,0.62,0,1,1,CATCCGAATGTATCGTCGCCGTCACGGGGACGTGCGATCG,CGATCGCACGTCCCCGTGACGGCGACGATACATTCGGATG
xtr_071,18s_XR_004223782.1,347,385,39,30,30,79.5,0.62,0,1,1,CCTGATTCCCCGTTACCCGTGGTCACCATGGTAGGCGCA,TGCGCCTACCATGGTGACCACGGGTAACGGGGAATCAGG
xtr_072,18s_XR_004223782.1,416,455,40,30,12,79,0.57,0,1,1,GTAATTTGCGCGCCTGCTGCCTTCCTTGGATGTGGTAGCC,GGCTACCACATCCAAGGAAGGCAGCAGGCGCGCAAATTAC
xtr_073,18s_XR_004223782.1,468,506,39,12,0,70.7,0.44,0,1,1,AAGAGTCCTGTATTGTTATTTTTCGTCACTACCTCCCCG,CGGGGAGGTAGTGACGAAAAATAACAATACAGGACTCTT
xtr_074,18s_XR_004223782.1,507,545,39,0,30,65.2,0.41,0,1,1,AGGATTTAAAGTGTACTCATTCCAATTACAGGGCCTCGA,TCGAGGCCCTGTAATTGGAATGAGTACACTTTAAATCCT
xtr_075,18s_XR_004223782.1,576,615,40,30,30,71.3,0.55,0,1,1,TATACGCTATTGGAGCTGGAATTACCGCGGCTGCTGGCAC,GTGCCAGCAGCCGCGGTAATTCCAGCTCCAATAGCGTATA
xtr_076,18s_XR_004223782.1,646,685,40,30,28,76.2,0.65,0,1,1,TCGCCTCACGGCGGACCGCCAGCTCGATCCCAAGATCCAA,TTGGATCTTGGGATCGAGCTGGCGGTCCGCCGTGAGGCGA
xtr_077,18s_XR_004223782.1,714,752,39,28,30,78.8,0.72,0,1,1,CCCCCGGGACACTCAGTCAAGAGCATCGGGGAGGCGCCG,CGGCGCCTCCCCGATGCTCTTGACTGAGTGTCCCGGGGG
xtr_078,18s_XR_004223782.1,783,822,40,30,30,74.2,0.6,0,1,1,CCTAGCTGAAGTATCCAGGCGACGCGGCCTGCTTGGAACA,TGTTCCAAGCAGGCCGCGTCGCCTGGATACTTCAGCTAGG
xtr_079,18s_XR_004223782.1,853,892,40,30,30,72,0.55,0,1,1,GCCGTCCCTCTTAATCATGGCCCCAGTTCCGAAAACCAAC,GTTGGTTTTCGGAACTGGGGCCATGATTAAGAGGGACGGC
xtr_080,18s_XR_004223782.1,923,962,40,30,27,74.4,0.53,0,1,1,GCTTTCGCTTTGGTTCGTCTTGCGCCGGTCCAAGAATTTC,GAAATTCTTGGACCGGCGCAAGACGAACCAAAGCGAAAGC
xtr_081,18s_XR_004223782.1,990,1029,40,27,30,70.4,0.5,0,1,1,GACGGTATCTGATCGTCTTCGAACCTCCGACTTTCGTTCT,AGAACGAAAGTCGGAGGTTCGAAGACGATCAGATACCGTC
xtr_082,18s_XR_004223782.1,1060,1099,40,30,28,72.4,0.65,0,1,1,AAGCTGCTCGGCGGGTCATGGGAATAACGCCGCCGGATCG,CGATCCGGCGGCGTTATTCCCATGACCCGCCGAGCAGCTT
xtr_083,18s_XR_004223782.1,1128,1167,40,28,30,70.7,0.42,0,1,1,GTCAATTCCTTTAAGTTTCAGCTTTGCAACCATACTCCCC,GGGGAGTATGGTTGCAAAGCTGAAACTTAAAGGAATTGAC
xtr_084,18s_XR_004223782.1,1198,1237,40,30,22,73.9,0.57,0,1,1,CCGGGCCGGGTGAGGTTTCCCGTGTTGAGTCAAATTAAGC,GCTTAATTTGACTCAACACGGGAAACCTCACCCGGCCCGG
xtr_085,18s_XR_004223782.1,1260,1299,40,22,26,70.1,0.55,0,1,1,GGCCATGCACCACCACCCACAGAATCGAGAAAGAGCTATC,GATAGCTCTTTCTCGATTCTGTGGGTGGTGGTGCATGGCC
xtr_086,18s_XR_004223782.1,1326,1365,40,26,30,67.6,0.45,0,1,1,GTTAGCATGGAGGAGTCTCGTTCGTTATCGGAATTAACCA,TGGTTAATTCCGATAACGAACGAGACTCCTCCATGCTAAC
xtr_087,18s_XR_004223782.1,1396,1435,40,30,30,72.3,0.5,0,1,1,ATCTCGTGTGGCTGAACGCCACTTGTCCCTCTAAGAAGTT,AACTTCTTAGAGGGACAAGTGGCGTTCAGCCACACGAGAT
xtr_088,18s_XR_004223782.1,1466,1504,39,30,30,78.7,0.64,0,1,1,CTGATCCGTTCAGTGTAGCGCGCGTGCAGCCCCGGACAT,ATGTCCGGGGCTGCACGCGCGCTACACTGAACGGATCAG
xtr_089,18s_XR_004223782.1,1535,1573,39,30,18,70.8,0.56,0,1,1,ATCCCCGATCCCTATCACGAACGGGGTTCAACGGGTTAC,GTAACCCGTTGAACCCCGTTCGTGATAGGGATCGGGGAT
xtr_090,18s_XR_004223782.1,1592,1630,39,18,26,71.1,0.54,0,1,1,ACGCGAGCTTATGACCCGCACTTACTGGGAATTCCTCGT,ACGAGGAATTCCCAGTAAGTGCGGGTCATAAGCTCGCGT
xtr_091,18s_XR_004223782.1,1657,1696,40,26,30,70.4,0.55,0,1,1,ACCTCACTAAACCATCCAATCGGTAGTAGCGACGGGCGGT,ACCGCCCGTCGCTACTACCGATTGGATGGTTTAGTGAGGT
xtr_092,18s_XR_004223782.1,1727,1766,40,30,17,79.3,0.6,0,1,1,TAGTCAAGTTTGATCGTCTTCTCGGCGCTCCGCCAGGGCC,GGCCCTGGCGGAGCGCCGAGAAGACGATCAAACTTGACTA
xtr_093,18s_XR_004223782.1,1784,1822,39,17,4,70,0.51,0,1,1,GATCCTTCCGCAGGTTCACCTACGGAAACCTTGTTACGA,TCGTAACAAGGTTTCCGTAGGTGAACCTGCGGAAGGATC
xtr_094,5.8s_XR_004223805.1,31,70,40,30,30,70.2,0.5,0,1,1,TCACACTAATTCTCGCAGCTAGCTGCGTTCTTCATCGACG,CGTCGATGAAGAACGCAGCTAGCTGCGAGAATTAGTGTGA
xtr_095,5.8s_XR_004223805.1,101,139,39,30,15,80,0.74,0,1,1,CGTAGCCCCGGGAGGAACCCGGGGCCGCAAGGTGCGTTC,GAACGCACCTTGCGGCCCCGGGTTCCTCCCGGGGCTACG
xtr_096,12s_AY789013.1:69-1011,28,67,40,27,30,64.7,0.42,0,1,1,GGGAATGCGGATGCTTGCATGTGTAAGTTCAGATAAAGTT,AACTTTATCTGAACTTACACATGCAAGCATCCGCATTCCC
xtr_097,12s_AY789013.1:69-1011,98,137,40,30,22,79.1,0.6,0,1,1,TCGTGGGCTGATGGTCGTGCCTGATACCGGCTCCTTATCC,GGATAAGGAGCCGGTATCAGGCACGACCATCAGCCCACGA
xtr_098,12s_AY789013.1:69-1011,160,198,39,22,28,71,0.41,0,1,1,ATCGCTCATGTTCAATGTTTATCACTGCTGAGTTCCCTT,AAGGGAACTCAGCAGTGATAAACATTGAACATGAGCGAT
xtr_099,12s_AY789013.1:69-1011,227,266,40,28,28,70.3,0.57,0,1,1,TCTCGTATAACCGCGGCGGCTGGCACGAGATTGACCAACT,AGTTGGTCAATCTCGTGCCAGCCGCCGCGGTTATACGAGA
xtr_100,12s_AY789013.1:69-1011,295,334,40,28,30,70.6,0.5,0,1,1,GCTAGGGTTTGACTCTAGTGAGGGTGAACCTTAATCACGC,GCGTGATTAAGGTTCACCCTCACTAGAGTCAAACCCTAGC
xtr_101,12s_AY789013.1:69-1011,365,404,40,30,27,71.9,0.4,0,1,1,AGTTCAGGTATGTTGGGTAGAGTTACTTTCGTTAGTGTTC,GAACACTAACGAAAGTAACTCTACCCAACATACCTGAACT
xtr_102,12s_AY789013.1:69-1011,432,470,39,27,30,70.3,0.44,0,1,1,ATTGGTCAAGGTTTAAGGCTAGGCATAGTGGGGTATCTA,TAGATACCCCACTATGCCTAGCCTTAAACCTTGACCAAT
xtr_103,12s_AY789013.1:69-1011,501,540,40,30,30,76.5,0.55,0,1,1,GGTTTGGGGCACCGCCAAGTCCTTTGGGTTTTAAGCTTGG,CCAAGCTTAAAACCCAAAGGACTTGGCGGTGCCCCAAACC
xtr_104,12s_AY789013.1:69-1011,571,610,40,30,29,73.7,0.6,0,1,1,TAGGCGGGTTTGGCAAGAAGTGGTGAGGTTAAGCGGGGGG,CCCCCCGCTTAACCTCACCACTTCTTGCCAAACCCGCCTA
xtr_105,12s_AY789013.1:69-1011,640,679,40,29,6,71.2,0.45,0,1,1,GACGTATTGATGTTTGATCATTGAGCCTACTTGTGTCCCC,GGGGACACAAGTAGGCTCAATGATCAAACATCAATACGTC
xtr_106,12s_AY789013.1:69-1011,686,724,39,6,30,70.2,0.41,0,1,1,AAATGTAGCCCATTTCTTCCCACTTCATTTGCTACACCT,AGGTGTAGCAAATGAAGTGGGAAGAAATGGGCTACATTT
xtr_107,12s_AY789013.1:69-1011,755,794,40,30,30,71.6,0.42,0,1,1,TCTCTCTTTACTGCTAAATCCGCCTTCTGATCTGGTTTCA,TGAAACCAGATCAGAAGGCGGATTTAGCAGTAAAGAGAGA
xtr_108,12s_AY789013.1:69-1011,825,864,40,30,30,78,0.65,0,1,1,GGTGGTTTTTGGAAGAGGGTGACGGGCGGTGTGTGCGCGC,GCGCGCACACACCGCCCGTCACCCTCTTCCAAAAACCACC
xtr_109,12s_AY789013.1:69-1011,895,934,40,30,9,77,0.55,0,1,1,GCACCTTCCGGTGCGCTTACCATGTTACGACTTGCCTCTT,AAGAGGCAAGTCGTAACATGGTAAGCGCACCGGAAGGTGC
xtr_110,16s_AY789013.1:1082-2716,31,70,40,30,30,74.5,0.45,0,1,1,ATGGTTTAGTTGGTGGGGTTGGTGTAGGGGGTAATCTTTT,AAAAGATTACCCCCTACACCAACCCCACCAACTAAACCAT
xtr_111,16s_AY789013.1:1082-2716,101,140,40,30,18,73.4,0.47,0,1,1,CACCTTTCCCTTGCGGTACTGGATATGTAGCTCTTAGACT,AGTCTAAGAGCTACATATCCAGTACCGCAAGGGAAAGGTG
xtr_112,16s_AY789013.1:1082-2716,159,197,39,18,2,70.9,0.38,0,1,1,AGGTACGAGGGTTTTTCTCTGCTGTTTGTTGCTTTATTA,TAATAAAGCAACAAACAGCAGAGAAAAACCCTCGTACCT
xtr_113,16s_AY789013.1:1082-2716,200,238,39,2,27,67.8,0.38,0,1,1,TTCTTTTTGCTTGACTAGGACTTGCTAGACCATTATGCA,TGCATAATGGTCTAGCAAGTCCTAGTCAAGCAAAAAGAA
xtr_114,16s_AY789013.1:1082-2716,266,305,40,27,30,70.2,0.53,0,1,1,AGAGACGGGTTGGCTCTAAAAAGCTGTCTCGGAGTAGCTC,GAGCTACTCCGAGACAGCTTTTTAGAGCCAACCCGTCTCT
xtr_115,16s_AY789013.1:1082-2716,336,375,40,30,21,75.7,0.53,0,1,1,AGCAACCAGCTATCACTAAGCTCGTTTGGTCTGTCACCCC,GGGGTGACAGACCAAACGAGCTTAGTGATAGCTGGTTGCT
xtr_116,16s_AY789013.1:1082-2716,397,436,40,21,30,64.9,0.35,0,1,1,AGTGTTTTTTGCTTTGTTTGCTAATAACGGGACTTAGAGT,ACTCTAAGTCCCGTTATTAGCAAACAAAGCAAAAAACACT
xtr_117,16s_AY789013.1:1082-2716,467,506,40,30,30,70.4,0.38,0,1,1,ATCTTTACCCATAGTTGTAGGTTGTATCCTGTTTCAACCA,TGGTTGAAACAGGATACAACCTACAACTATGGGTAAAGAT
xtr_118,16s_AY789013.1:1082-2716,537,576,40,30,2,72.8,0.5,0,1,1,GGGAGCTTTGACGCTTTCTTAACAGGTGGCTGCTTTTAGG,CCTAAAAGCAGCCACCTGTTAAGAAAGCGTCAAAGCTCCC
xtr_119,16s_AY789013.1:1082-2716,579,617,39,2,30,70,0.51,0,1,1,AGGGTTCGGAGGAGATGTCGGTATTGGCGGAAGGTATAT,ATATACCTTCCGCCAATACCGACATCTCCTCCGAACCCT
xtr_120,16s_AY789013.1:1082-2716,648,686,39,30,4,67.6,0.38,0,1,1,GGTAGATTCACATTACTAGTTCTAGCATAGGTGCTTCAA,TTGAAGCACCTATGCTAGAACTAGTAATGTGAATCTACC
xtr_121,16s_AY789013.1:1082-2716,691,730,40,4,30,60.2,0.3,0,1,1,TCAGTGATTAATTCGATCTGATTTACACTTGCATTTTAGA,TCTAAAATGCAAGTGTAAATCAGATCGAATTAATCACTGA
xtr_122,16s_AY789013.1:1082-2716,761,800,40,30,30,73.3,0.45,0,1,1,AGGTTAACGGTGTTGTGTTCAGGGTTTTCTTGGGTTGTTG,CAACAACCCAAGAAAACCCTGAACACAACACCGTTAACCT
xtr_123,16s_AY789013.1:1082-2716,831,870,40,30,29,74.1,0.53,0,1,1,AAACAGGCGGGGTTCACTTTTGCCGAGTTCCTTCTGCATC,GATGCAGAAGGAACTCGGCAAAAGTGAACCCCGCCTGTTT
xtr_124,16s_AY789013.1:1082-2716,900,938,39,29,4,70.2,0.49,0,1,1,GAACATATAGTCACTGGGCAGGCTGGACCTCTTATACGT,ACGTATAAGAGGTCCAGCCTGCCCAGTGACTATATGTTC
xtr_125,16s_AY789013.1:1082-2716,943,981,39,4,29,70.3,0.54,0,1,1,AGTGATTACGCTACCTTTGCACGGTCAGAATACCGCGGC,GCCGCGGTATTCTGACCGTGCAAAGGTAGCGTAATCACT
xtr_126,16s_AY789013.1:1082-2716,1011,1049,39,29,26,70.3,0.51,0,1,1,ATGGATTGGATGCAGGAGACAGTTGAACCTTCGTGGTGC,GCACCACGAAGGTTCAACTGTCTCCTGCATCCAATCCAT
xtr_127,16s_AY789013.1:1082-2716,1076,1114,39,26,30,70.1,0.46,0,1,1,AAAGCTCCATAGGGTCTTCTCGTCTTATGGGAATATCCC,GGGATATTCCCATAAGACGAGAAGACCCTATGGAGCTTT
xtr_128,16s_AY789013.1:1082-2716,1145,1184,40,30,24,72.2,0.42,0,1,1,TTAGGTCATTGTTGCTTAATTGTCTGTTTTCCCGTGTGGG,CCCACACGGGAAAACAGACAATTAAGCAACAATGACCTAA
xtr_129,16s_AY789013.1:1082-2716,1209,1248,40,24,3,70.1,0.45,0,1,1,GAGGGTAAGGCCCCGTACATCAAGGAGGATTTTTTTTTCT,AGAAAAAAAAATCCTCCTTGATGTACGGGGCCTTACCCTC
xtr_130,16s_AY789013.1:1082-2716,1252,1291,40,3,23,66.3,0.38,0,1,1,GTGGTCAAATGTTTTGTTACTTAGAACTGTCGTTCTTGGT,ACCAAGAACGACAGTTCTAAGTAACAAAACATTTGACCAC
xtr_131,16s_AY789013.1:1082-2716,1315,1353,39,23,30,70.3,0.46,0,1,1,AATGGATTGCGCTGTTATCCCTAGGGTAACTTGGTTCGT,ACGAACCAAGTTACCCTAGGGATAACAGCGCAATCCATT
xtr_132,16s_AY789013.1:1082-2716,1384,1423,40,30,30,76.4,0.62,0,1,1,CGGCTGCACCACTGGGATGCCCTGATCCAACATCGAGGTC,GACCTCGATGTTGGATCAGGGCATCCCAGTGGTGCAGCCG
xtr_133,16s_AY789013.1:1082-2716,1454,1493,40,30,30,72.8,0.53,0,1,1,ACCTGGATTACTCCGGTCTGAACTCAGATCACGTAGGGCT,AGCCCTACGTGATCTGAGTTCAGACCGGAGTAATCCAGGT
xtr_134,16s_AY789013.1:1082-2716,1524,1563,40,30,30,70.4,0.4,0,1,1,TTGTTTGTGACATAGACCTCATTTTCTCGGTCCTTTCGTA,TACGAAAGGACCGAGAAAATGAGGTCTATGTCACAAACAA
xtr_135,16s_AY789013.1:1082-2716,1594,1633,40,30,2,71,0.4,0,1,1,GCCCTTATCTTGGGCTGAAGTTGTTAGTCCTTTATTCAAT,ATTGAATAAAGGACTAACAACTTCAGCCCAAGATAAGGGC
xtr_136,5s_som_X12622.1,23,61,39,22,0,75,0.59,0,1,2,CCCTGCTTAGCTTCCGAGATCAGACGAGATCGGGCGCTT,AAGCGCCCGATCTCGTCTGATCTCGGAAGCTAAGCAGGG
xtr_137,5s_som_X12622.1,62,101,40,0,20,79.9,0.6,2,4,2,TTCCCAGGCGGTCTCCCATCCARGTACTAACCARGCCCGT,ACGGGCCTGGTTAGTACTTGGATGGGAGACCGCCTGGGAA
xtr_136,5s_oo_X12623.1,23,61,39,22,0,75,0.59,0,1,2,CCCTGCTTAGCTTCCGAGATCAGACGAGATCGGGCGCTT,AAGCGCCCGATCTCGTCTGATCTCGGAAGCTAAGCAGGG
xtr_137,5s_oo_X12623.1,62,101,40,0,20,79.9,0.6,2,4,2,TTCCCAGGCGGTCTCCCATCCARGTACTAACCARGCCCGT,ACGGGCTTGGTTAGTACCTGGATGGGAGACCGCCTGGGAA